[
    {
        "id" : 1,
        "img" : "https://picsum.photos/id/100/300/200",
        "descricao" : "Uma bela tarde na praia",
        "likes" : 0,
        "user" : {
            "img"  : "https://picsum.photos/id/1025/80/80",
            "nome" : "Doguinho"
        }
    },
    {
        "id" : 2,
        "img" : "https://picsum.photos/id/1019/300/200",
        "descricao" : "Uma tarde chuvosa na praia",
        "likes" : 10,
        "user" : {
            "img"  : "https://picsum.photos/id/1025/80/80",
            "nome" : "Doguinho"
        }
    },
    {
        "id" : 3,
        "img" : "https://picsum.photos/id/102/300/200",
        "descricao" : "Framboesas",
        "likes" : 28,
        "user" : {
            "img"  : "https://picsum.photos/id/1025/80/80",
            "nome" : "Doguinho"
        }
    }    
]